RowNumber,CustomerId,Surname,CreditScore,Geography,Gender,Age,Tenure,Balance,NumOfProducts,HasCrCard,IsActiveMember,EstimatedSalary,Exited
1,15600001,Taylor,402,France,Male,58,10,73011.33,1,0,0,112431.26,1
2,15600002,Smith,716,Germany,Female,32,10,37576.52,2,1,0,51372.7,0
3,15600003,Thomas,522,France,Female,66,1,59386.13,4,0,1,77688.0,0
4,15600004,Patel,848,France,Female,34,6,99518.13,2,0,1,106086.7,0
5,15600005,Jones,793,Germany,Female,20,1,95967.03,3,1,0,60865.64,1
6,15600006,Taylor,699,Germany,Male,31,10,0,2,0,1,115506.62,0
7,15600007,Smith,462,Spain,Male,28,10,60759.24,2,1,1,154070.57,0
8,15600008,Garcia,458,Spain,Female,69,9,188025.15,1,1,1,50083.38,0
9,15600009,Patel,649,Spain,Male,27,6,76360.1,1,1,0,74729.41,0
10,15600010,Garcia,431,France,Female,66,10,139176.51,1,1,0,113407.49,1
11,15600011,Smith,734,Spain,Female,51,4,64538.39,3,1,0,33406.11,1
12,15600012,Kumar,740,Germany,Female,64,2,52664.8,4,0,1,158635.56,0
13,15600013,Jones,822,France,Female,56,8,54155.68,4,0,0,113825.86,1
14,15600014,Kumar,799,Spain,Female,74,9,96130.79,1,0,0,29132.82,0
15,15600015,Martin,620,France,Male,67,9,9933.96,1,1,0,174119.88,0
16,15600016,Thomas,614,Germany,Male,60,7,0,1,0,1,55904.43,0
17,15600017,Garcia,384,France,Male,53,0,153356.46,1,1,0,26691.46,1
18,15600018,Taylor,801,Germany,Female,31,9,78542.66,2,1,0,55094.54,0
19,15600019,Patel,377,France,Female,24,10,43643.23,3,0,1,25001.09,0
20,15600020,Patel,421,France,Male,33,6,115795.42,2,0,0,60959.95,0
21,15600021,Martin,846,Germany,Female,46,1,255728.44,2,0,0,42441.33,0
22,15600022,Wilson,549,France,Female,75,4,134461.73,1,1,0,62066.12,1
23,15600023,Patel,607,France,Male,31,8,74781.79,2,0,0,24385.13,0
24,15600024,Martin,832,France,Male,56,9,57845.59,1,0,0,110521.64,0
25,15600025,Patel,472,Germany,Female,60,4,105994.86,2,1,1,36594.92,0
26,15600026,Taylor,459,Spain,Female,18,8,61519.36,1,1,0,36855.33,0
27,15600027,Patel,763,Spain,Female,41,10,17070.14,1,0,0,125197.43,0
28,15600028,Taylor,404,France,Male,74,8,98703.93,1,0,1,59937.46,0
29,15600029,Brown,376,Germany,Male,61,1,36997.09,3,1,1,151842.43,1
30,15600030,Jones,632,Spain,Male,58,6,73707.93,2,0,0,33459.19,0
31,15600031,Jones,827,Germany,Male,55,0,61782.88,1,1,0,49662.63,0
32,15600032,Smith,733,Germany,Male,67,2,81241.15,4,0,1,157659.94,0
33,15600033,Smith,726,Germany,Male,29,3,85408.47,2,1,1,41267.64,0
34,15600034,Taylor,820,Spain,Male,72,7,24558.28,1,1,0,65356.49,1
35,15600035,Patel,678,Spain,Female,43,8,160925.74,1,1,1,127120.49,0
36,15600036,Jones,485,Spain,Female,74,0,0,2,0,0,113434.26,0
37,15600037,Patel,712,Germany,Male,45,6,25775.62,1,0,0,100786.86,0
38,15600038,Wilson,413,Spain,Female,60,4,118289.82,2,1,1,125037.33,0
39,15600039,Taylor,812,France,Male,53,2,0,2,1,0,82002.4,0
40,15600040,Wilson,576,Germany,Male,45,10,131907.9,2,0,1,99343.71,0
41,15600041,Garcia,508,Germany,Male,50,3,177608.01,1,0,1,39313.4,1
42,15600042,Taylor,672,France,Female,57,9,143222.67,1,0,1,133527.08,0
43,15600043,Taylor,748,Germany,Female,27,6,152503.31,3,0,0,44021.3,1
44,15600044,Kumar,587,France,Female,72,10,13035.82,1,1,1,171756.54,0
45,15600045,Wilson,482,Germany,Female,45,3,140882.61,2,1,1,141359.26,0
46,15600046,Brown,521,France,Male,46,5,25344.73,1,0,1,37831.72,0
47,15600047,Thomas,381,France,Male,63,3,36439.18,2,1,0,79263.67,0
48,15600048,Wilson,502,Spain,Male,42,6,97848.03,3,1,0,103806.39,0
49,15600049,Thomas,720,Spain,Male,45,2,18062.59,2,1,0,166724.37,0
50,15600050,Taylor,569,Germany,Female,54,2,122795.48,1,1,0,44985.29,1
51,15600051,Kumar,775,Spain,Female,47,6,78441.62,2,1,1,152760.3,1
52,15600052,Smith,749,Spain,Male,21,10,26304.08,2,0,0,139448.48,0
53,15600053,Patel,461,France,Male,57,7,127202.48,2,1,0,141538.19,0
54,15600054,Taylor,363,France,Male,67,4,128009.64,1,1,1,80447.98,1
55,15600055,Jones,639,Germany,Female,24,0,114908.32,1,1,1,102902.97,0
56,15600056,Kumar,841,Spain,Female,18,5,20283.2,1,1,1,131705.93,0
57,15600057,Garcia,515,Spain,Female,59,3,0,2,0,1,61023.16,0
58,15600058,Jones,603,Germany,Female,54,5,95461.3,1,0,1,95445.74,0
59,15600059,Garcia,473,Germany,Male,35,6,18376.88,1,1,1,106604.07,0
60,15600060,Kumar,557,France,Female,46,3,54295.94,1,1,0,124553.4,0
61,15600061,Garcia,468,Spain,Male,40,1,42176.69,1,0,1,67065.41,0
62,15600062,Kumar,776,Germany,Male,35,3,119113.26,4,1,1,52534.72,0
63,15600063,Garcia,414,Spain,Male,26,10,137656.1,2,1,0,31926.96,0
64,15600064,Patel,376,Spain,Male,48,4,64791.51,1,1,1,33824.38,0
65,15600065,Thomas,393,Germany,Female,54,3,127854.16,3,0,0,107082.05,1
66,15600066,Patel,576,Germany,Male,32,4,149432.78,2,1,1,65387.74,0
67,15600067,Garcia,632,France,Female,66,1,73109.19,1,0,0,15441.49,0
68,15600068,Thomas,494,France,Female,36,7,95488.79,1,0,0,128418.51,0
69,15600069,Thomas,486,France,Female,60,2,101798.89,1,0,1,24840.28,0
70,15600070,Thomas,505,Spain,Female,36,6,98559.54,2,1,0,97577.91,0
71,15600071,Brown,695,Spain,Female,20,9,65898.94,1,0,1,179929.45,0
72,15600072,Garcia,442,Germany,Female,48,9,68057.58,3,1,1,119739.48,0
73,15600073,Kumar,560,Spain,Female,40,7,64851.43,1,1,1,124326.28,0
74,15600074,Kumar,515,Spain,Male,20,1,96199.76,1,1,0,157710.25,0
75,15600075,Garcia,670,Spain,Male,47,7,93110.82,2,0,0,48587.11,0
76,15600076,Kumar,848,Germany,Female,74,10,118787.6,1,0,1,132114.17,0
77,15600077,Wilson,410,France,Female,44,10,185346.47,2,0,0,97231.96,0
78,15600078,Wilson,632,Spain,Male,44,2,69627.42,1,1,1,46450.71,0
79,15600079,Jones,494,Spain,Female,67,4,129520.88,2,1,1,157768.0,0
80,15600080,Martin,514,Germany,Male,39,3,51100.39,2,0,1,109346.61,0
81,15600081,Thomas,689,Spain,Male,20,10,49645.8,1,0,1,96729.23,0
82,15600082,Brown,816,France,Female,39,7,0,1,0,1,134203.23,0
83,15600083,Smith,786,Spain,Female,22,5,34431.25,2,1,1,172433.03,0
84,15600084,Patel,821,France,Female,57,4,140221.97,2,0,0,138216.45,0
85,15600085,Thomas,500,France,Male,46,5,87603.96,2,1,1,86063.32,0
86,15600086,Wilson,662,France,Male,61,6,66250.67,1,0,0,97115.1,1
87,15600087,Wilson,629,Spain,Female,47,2,120033.64,1,0,0,87885.41,0
88,15600088,Thomas,504,Spain,Male,58,3,41806.91,2,1,1,155800.35,0
89,15600089,Garcia,687,Germany,Male,40,6,116782.03,4,1,1,16336.16,0
90,15600090,Smith,530,Spain,Male,71,3,73080.13,2,0,0,117447.04,0
91,15600091,Jones,501,Spain,Male,37,5,3754.97,1,1,0,43980.61,0
92,15600092,Garcia,481,Germany,Female,51,7,36080.8,2,1,1,138182.29,0
93,15600093,Kumar,845,France,Female,22,8,126210.41,4,1,0,29899.97,1
94,15600094,Taylor,694,Spain,Female,25,4,13208.47,2,1,1,150698.85,0
95,15600095,Smith,771,France,Male,48,7,105473.86,1,1,1,122124.51,0
96,15600096,Kumar,804,Spain,Female,37,8,57043.88,1,0,0,79126.56,0
97,15600097,Garcia,665,Germany,Female,44,6,129836.67,2,1,0,20398.19,1
98,15600098,Patel,538,Spain,Female,33,8,26907.77,4,1,0,24990.76,1
99,15600099,Taylor,360,Spain,Male,72,0,37672.5,2,1,0,55188.87,0
100,15600100,Brown,766,Germany,Male,22,3,13855.55,2,1,0,142770.82,0
101,15600101,Smith,417,Germany,Male,26,0,82241.95,3,1,1,145347.47,0
102,15600102,Jones,565,Spain,Female,29,8,51982.41,1,0,0,138034.77,0
103,15600103,Garcia,722,Germany,Male,50,10,41209.7,2,1,0,90577.02,1
104,15600104,Patel,601,Spain,Female,72,7,85510.31,2,0,1,163379.02,0
105,15600105,Kumar,608,Spain,Male,26,9,25572.44,1,1,1,31364.45,0
106,15600106,Patel,466,France,Female,64,6,120889.81,2,1,1,151524.17,0
107,15600107,Patel,822,Spain,Male,38,7,50380.82,1,0,1,30052.09,0
108,15600108,Martin,634,Germany,Female,65,0,33306.77,2,1,1,125552.19,0
109,15600109,Patel,645,Germany,Female,73,8,141393.68,1,0,0,40530.48,1
110,15600110,Wilson,492,Germany,Male,40,9,61641.03,1,0,1,148191.53,0
111,15600111,Smith,353,France,Female,19,2,62411.13,1,0,1,108442.98,0
112,15600112,Thomas,582,Germany,Female,23,5,33896.63,1,0,0,76058.76,0
113,15600113,Martin,391,France,Female,56,4,121844.89,1,1,0,124219.88,0
114,15600114,Martin,406,France,Female,35,4,144473.32,1,1,0,101944.13,1
115,15600115,Martin,741,France,Male,56,4,109051.0,2,1,0,69140.19,0
116,15600116,Garcia,467,France,Male,29,8,190638.18,2,1,1,26892.46,0
117,15600117,Thomas,408,Spain,Male,22,6,4595.79,1,0,1,174422.95,0
118,15600118,Martin,782,Germany,Female,47,1,40014.46,1,0,1,86886.63,0
119,15600119,Brown,674,Spain,Female,73,1,90438.5,1,0,1,164477.25,0
120,15600120,Garcia,438,France,Male,33,9,160511.89,1,0,0,140435.52,1
121,15600121,Wilson,669,Germany,Male,47,5,31650.29,2,1,1,39907.97,0
122,15600122,Wilson,387,Spain,Male,68,4,0,1,1,0,89565.79,1
123,15600123,Garcia,633,Germany,Male,22,0,30391.47,2,1,0,164993.24,0
124,15600124,Garcia,765,France,Male,50,5,35668.11,2,0,0,98250.59,1
125,15600125,Patel,746,Germany,Female,46,5,1641.67,1,0,0,145222.44,1
126,15600126,Wilson,720,Germany,Male,53,10,159379.4,1,0,1,70004.74,0
127,15600127,Martin,636,Germany,Male,59,6,129143.69,1,1,1,149175.49,0
128,15600128,Brown,442,Spain,Female,50,3,131901.4,1,1,0,171365.26,1
129,15600129,Brown,777,France,Male,27,8,87909.79,2,0,1,124218.32,0
130,15600130,Thomas,372,France,Male,28,6,55856.29,2,1,0,126599.88,0
131,15600131,Wilson,751,Germany,Female,36,7,78709.61,4,0,1,75693.76,0
132,15600132,Jones,768,Spain,Male,67,3,111782.55,4,0,1,159045.32,0
133,15600133,Taylor,813,France,Male,53,8,56455.94,1,0,0,152122.71,0
134,15600134,Patel,562,Spain,Male,70,0,157807.36,3,1,1,97831.17,1
135,15600135,Brown,521,France,Female,41,2,65445.88,2,0,0,21320.03,0
136,15600136,Thomas,352,Germany,Male,66,1,95746.81,1,0,1,57227.45,0
137,15600137,Smith,472,Spain,Female,51,6,81029.86,1,1,0,25363.18,0
138,15600138,Brown,499,Germany,Male,58,6,38663.73,2,0,0,116443.58,0
139,15600139,Martin,628,Germany,Female,60,8,28225.88,4,0,0,79424.87,1
140,15600140,Jones,384,Spain,Male,41,5,68047.58,1,0,0,135935.27,0
141,15600141,Brown,748,France,Female,26,10,0,1,1,1,176835.17,0
142,15600142,Kumar,453,Germany,Female,22,0,48874.85,1,0,1,161155.41,0
143,15600143,Martin,532,Germany,Female,43,0,73258.4,1,1,1,60080.74,0
144,15600144,Martin,445,Spain,Female,65,7,158634.29,1,1,1,75612.24,0
145,15600145,Garcia,688,Spain,Female,23,4,32770.47,1,1,0,88576.1,0
146,15600146,Martin,816,Spain,Male,40,5,62594.57,2,1,0,60301.63,1
147,15600147,Jones,750,Germany,Male,41,7,101542.15,2,0,0,35827.95,0
148,15600148,Kumar,697,Spain,Male,41,7,66887.37,2,1,0,76382.21,0
149,15600149,Wilson,726,Spain,Male,41,2,52642.98,1,1,1,100427.97,0
150,15600150,Garcia,496,Spain,Male,63,7,44406.12,4,0,0,35235.17,1
151,15600151,Kumar,498,Germany,Male,23,4,36191.83,2,0,1,132448.5,0
152,15600152,Kumar,471,France,Female,32,7,6623.24,2,0,0,74547.93,0
153,15600153,Jones,595,Germany,Male,26,8,121148.04,2,1,0,141912.15,1
154,15600154,Brown,614,France,Male,59,5,95228.11,2,0,1,159863.43,0
155,15600155,Wilson,432,Germany,Female,45,5,104567.26,1,0,0,72093.81,0
156,15600156,Thomas,505,Germany,Male,30,9,22313.26,1,0,1,97924.57,0
157,15600157,Thomas,364,France,Female,27,1,110362.21,2,0,1,171510.23,0
158,15600158,Martin,671,Germany,Female,44,8,21188.29,2,1,0,120914.7,0
159,15600159,Jones,587,Spain,Female,37,3,63965.09,1,1,0,115098.94,0
160,15600160,Garcia,539,Spain,Female,64,8,47823.08,1,0,1,67654.12,1
161,15600161,Brown,564,France,Female,33,3,189526.75,3,0,0,149223.84,1
162,15600162,Taylor,507,Germany,Female,49,7,112694.14,2,0,1,29858.1,0
163,15600163,Martin,781,Germany,Male,31,10,113759.42,2,1,1,62148.48,0
164,15600164,Wilson,537,Spain,Male,26,0,87233.39,2,1,1,23441.02,0
165,15600165,Jones,698,Spain,Male,22,9,78660.77,4,0,1,36229.46,0
166,15600166,Garcia,610,Spain,Male,53,6,34661.68,1,0,0,22475.05,0
167,15600167,Kumar,663,Spain,Female,51,5,27731.55,1,0,0,79837.51,0
168,15600168,Thomas,503,Germany,Male,71,7,37731.49,2,0,1,75779.04,0
169,15600169,Thomas,847,Germany,Female,37,9,42778.31,2,0,0,134031.02,1
170,15600170,Brown,474,Spain,Female,67,0,52532.32,2,0,0,46479.41,1
171,15600171,Garcia,796,Germany,Female,44,0,1976.23,3,0,0,100582.73,0
172,15600172,Taylor,585,Spain,Female,51,8,121099.76,4,1,1,105135.08,0
173,15600173,Wilson,497,Spain,Female,33,3,96123.81,1,1,1,67311.72,0
174,15600174,Patel,552,France,Female,36,5,207653.13,3,0,1,62924.69,0
175,15600175,Kumar,488,Spain,Male,40,8,74419.79,2,1,1,37650.04,0
176,15600176,Kumar,561,Germany,Male,32,5,40307.47,1,1,0,31589.91,1
177,15600177,Taylor,514,Spain,Male,28,4,41982.8,4,0,1,164809.6,0
178,15600178,Martin,439,Germany,Male,52,6,79709.94,3,0,0,169097.23,0
179,15600179,Jones,798,Spain,Male,68,0,192923.39,3,0,0,64234.71,0
180,15600180,Garcia,418,Spain,Male,36,8,25379.07,3,1,1,60018.12,0
181,15600181,Kumar,695,Spain,Female,59,3,120162.93,1,0,0,115807.49,0
182,15600182,Martin,444,France,Male,38,2,79007.1,2,1,1,68394.28,1
183,15600183,Garcia,355,Spain,Male,33,4,115638.69,2,1,1,129306.82,0
184,15600184,Taylor,822,France,Female,37,4,62925.64,2,0,1,120387.37,0
185,15600185,Thomas,562,France,Male,32,8,122423.44,2,1,1,139962.84,0
186,15600186,Brown,535,France,Male,73,1,143098.38,2,0,1,25190.08,0
187,15600187,Martin,396,Spain,Female,28,8,100257.52,2,1,1,148434.19,0
188,15600188,Thomas,694,Germany,Male,47,4,97619.67,2,0,0,80331.54,0
189,15600189,Brown,828,France,Female,22,1,64842.76,4,1,1,20236.25,0
190,15600190,Kumar,806,Germany,Female,67,6,90041.51,1,1,1,158487.35,0
191,15600191,Kumar,415,Germany,Female,26,3,190488.37,1,0,1,139769.6,0
192,15600192,Patel,476,Germany,Male,45,7,181599.24,2,1,1,40595.03,0
193,15600193,Smith,473,Germany,Male,20,3,0,3,0,1,31647.96,0
194,15600194,Wilson,469,Germany,Male,33,8,0,1,0,0,139473.64,1
195,15600195,Wilson,471,Germany,Male,32,4,0,2,0,1,177639.77,0
196,15600196,Martin,568,Germany,Female,21,8,34748.68,2,1,0,22735.88,0
197,15600197,Brown,444,Germany,Male,68,8,58046.79,1,1,1,54759.75,1
198,15600198,Patel,845,Spain,Female,69,6,26667.6,2,0,0,79089.14,1
199,15600199,Thomas,543,Spain,Male,46,10,0,1,0,0,159147.38,0
200,15600200,Taylor,795,Germany,Male,64,5,54120.88,2,1,0,172908.26,1
201,15600201,Jones,553,France,Female,65,3,141242.21,2,1,1,142959.79,0
202,15600202,Jones,604,Spain,Female,37,7,35509.94,2,0,1,147464.74,0
203,15600203,Taylor,424,Spain,Female,31,0,19880.98,1,1,1,106296.41,0
204,15600204,Garcia,475,France,Female,39,7,108099.39,2,1,1,57458.92,0
205,15600205,Smith,819,France,Male,47,8,113773.44,2,0,1,101450.83,0
206,15600206,Garcia,672,France,Male,66,3,144764.25,1,0,1,131682.98,1
207,15600207,Wilson,560,France,Female,41,0,70195.15,2,0,1,102353.91,0
208,15600208,Thomas,815,Germany,Male,19,2,67503.5,2,0,1,166478.06,0
209,15600209,Patel,557,Spain,Male,51,7,69537.32,1,0,1,178388.45,0
210,15600210,Patel,544,Germany,Male,59,6,124984.91,1,1,0,24258.96,0
211,15600211,Patel,620,Spain,Female,49,0,0,1,0,1,49883.81,0
212,15600212,Martin,785,Spain,Male,61,5,35280.82,1,0,0,173642.42,0
213,15600213,Patel,696,Spain,Male,22,8,15486.45,2,1,0,78334.63,0
214,15600214,Jones,573,Germany,Female,50,3,49707.4,1,0,1,71197.8,0
215,15600215,Thomas,633,Germany,Female,19,6,86448.99,1,1,1,45646.74,0
216,15600216,Patel,428,France,Female,36,6,21491.96,1,0,0,137043.12,0
217,15600217,Patel,445,Spain,Female,18,6,49743.33,1,1,1,106902.53,0
218,15600218,Patel,751,Germany,Female,40,5,105562.31,2,1,0,17036.2,0
219,15600219,Martin,421,Germany,Male,64,4,47581.26,1,1,0,59287.12,1
220,15600220,Taylor,389,Spain,Female,35,5,61682.77,2,1,1,170796.68,0
221,15600221,Thomas,667,France,Female,47,6,33950.59,1,1,0,87636.78,0
222,15600222,Wilson,705,Spain,Female,26,3,189792.49,2,1,1,66840.24,0
223,15600223,Kumar,493,Germany,Male,65,6,160484.01,1,1,1,33791.49,0
224,15600224,Martin,586,Germany,Male,29,3,57444.43,4,1,0,146618.11,0
225,15600225,Kumar,716,Spain,Female,61,6,50093.89,2,1,0,27204.25,0
226,15600226,Jones,754,Germany,Male,50,5,47338.02,2,0,1,33045.96,0
227,15600227,Kumar,845,Germany,Male,28,5,8640.47,2,1,0,32480.85,0
228,15600228,Wilson,550,Germany,Male,65,7,47160.47,1,0,0,71919.62,1
229,15600229,Garcia,525,France,Female,44,7,114573.55,1,0,0,100983.95,0
230,15600230,Brown,503,Germany,Female,64,0,4406.85,1,0,1,18726.54,0
231,15600231,Martin,586,France,Male,65,3,32532.95,1,1,0,118910.45,0
232,15600232,Patel,569,France,Male,43,6,60635.85,1,0,0,131281.38,0
233,15600233,Jones,693,France,Female,54,7,52968.5,1,1,0,113500.19,0
234,15600234,Wilson,711,Spain,Female,40,4,99740.22,2,0,0,125898.16,1
235,15600235,Brown,420,France,Female,25,9,54194.26,1,1,1,84801.4,0
236,15600236,Garcia,445,France,Female,53,5,18943.82,1,1,1,117202.65,0
237,15600237,Patel,700,France,Female,26,7,132807.35,2,1,1,132173.49,0
238,15600238,Garcia,490,France,Female,54,3,61631.24,1,1,0,42754.48,0
239,15600239,Martin,537,Germany,Female,53,8,39564.21,2,0,0,140400.68,0
240,15600240,Patel,366,Germany,Male,24,7,57581.05,1,1,0,72515.2,0
241,15600241,Taylor,713,France,Male,67,9,99782.37,1,1,0,42386.97,0
242,15600242,Wilson,655,France,Female,69,8,13205.42,2,0,1,68402.85,0
243,15600243,Jones,380,Germany,Male,72,4,129833.81,1,0,0,130735.38,1
244,15600244,Patel,645,France,Female,71,10,137662.65,2,1,1,118589.12,0
245,15600245,Garcia,599,Germany,Male,43,5,40125.55,2,0,1,158369.78,0
246,15600246,Garcia,757,Germany,Female,58,8,0,3,1,1,50941.94,0
247,15600247,Brown,598,Spain,Female,35,5,40596.14,2,0,1,22580.58,1
248,15600248,Wilson,569,Spain,Female,46,3,130940.49,4,0,0,160554.38,1
249,15600249,Patel,434,Germany,Male,23,0,74882.07,3,1,1,118224.71,0
250,15600250,Jones,389,France,Female,63,2,123216.37,1,0,0,100708.3,1
251,15600251,Brown,395,France,Female,70,1,55370.1,1,0,1,66702.99,1
252,15600252,Brown,638,Germany,Male,59,0,21500.14,1,0,0,87616.4,0
253,15600253,Brown,735,Germany,Female,44,1,88568.76,1,1,1,73003.38,0
254,15600254,Wilson,657,Spain,Male,33,9,58590.32,1,1,0,143529.99,0
255,15600255,Thomas,809,Germany,Male,31,3,74432.97,1,1,0,78671.12,0
256,15600256,Brown,828,Germany,Female,22,5,33151.32,4,0,0,78828.31,0
257,15600257,Martin,370,Spain,Female,66,0,93595.03,1,1,0,98590.75,1
258,15600258,Martin,508,Germany,Male,23,1,76957.1,1,0,0,175761.71,0
259,15600259,Thomas,472,Germany,Female,55,0,55202.6,4,0,0,29225.11,1
260,15600260,Brown,686,France,Male,56,2,124847.36,2,0,1,17089.72,0
261,15600261,Patel,487,Spain,Female,49,1,87983.92,2,0,1,70276.82,0
262,15600262,Wilson,611,Germany,Male,34,5,97585.81,2,0,0,97435.65,0
263,15600263,Brown,791,France,Female,67,0,83065.24,1,0,0,22586.95,1
264,15600264,Patel,477,France,Male,29,6,134073.89,1,1,1,59757.56,0
265,15600265,Wilson,838,Germany,Female,50,6,113790.66,4,0,0,159703.55,0
266,15600266,Thomas,452,France,Male,38,4,156560.52,1,1,1,137030.04,0
267,15600267,Martin,627,France,Male,49,5,142885.38,1,0,0,171913.39,0
268,15600268,Brown,621,Germany,Male,72,3,169138.89,1,1,1,96184.76,0
269,15600269,Kumar,561,Spain,Male,63,5,109910.64,2,1,0,175801.54,0
270,15600270,Wilson,640,Germany,Male,26,0,84881.41,1,1,1,124303.25,0
271,15600271,Thomas,489,Spain,Male,72,3,50160.27,1,0,1,170686.52,0
272,15600272,Taylor,588,France,Female,24,5,0,1,1,0,34921.56,0
273,15600273,Taylor,701,Spain,Female,46,4,72620.44,1,0,1,50478.43,0
274,15600274,Kumar,483,Spain,Female,40,2,100159.76,2,0,0,172095.94,0
275,15600275,Patel,381,France,Female,33,3,146252.2,1,0,1,47691.95,0
276,15600276,Patel,388,Germany,Female,55,0,128083.93,3,0,1,47628.81,0
277,15600277,Brown,643,Spain,Female,75,6,128600.77,1,1,0,96860.85,0
278,15600278,Garcia,578,France,Male,40,2,89734.6,1,0,0,116327.59,0
279,15600279,Jones,452,Germany,Male,44,10,112571.71,1,0,1,119074.47,0
280,15600280,Thomas,639,Germany,Male,48,8,90143.71,1,1,1,79082.91,1
281,15600281,Taylor,742,France,Male,32,9,219107.97,2,0,1,175706.68,0
282,15600282,Thomas,835,Germany,Male,35,3,130585.96,2,1,0,73542.76,1
283,15600283,Garcia,835,Germany,Male,38,9,85255.91,2,0,1,107912.97,0
284,15600284,Smith,396,Spain,Male,52,0,68845.62,2,0,0,114274.36,0
285,15600285,Kumar,760,Germany,Male,39,5,90850.57,1,0,0,18615.63,0
286,15600286,Brown,832,Spain,Female,73,10,32197.07,1,1,0,111692.75,1
287,15600287,Wilson,439,Germany,Male,28,8,108055.47,2,1,1,51834.14,0
288,15600288,Jones,835,France,Male,26,9,0,3,1,0,155374.9,0
289,15600289,Patel,519,Germany,Female,69,1,60015.25,2,0,0,72223.67,1
290,15600290,Patel,485,Germany,Female,70,3,56968.18,1,0,1,129374.05,1
291,15600291,Patel,802,France,Female,64,6,13769.74,4,1,0,160492.16,0
292,15600292,Patel,387,Spain,Female,71,0,128344.3,1,1,0,18312.87,0
293,15600293,Martin,850,France,Female,39,1,85484.39,3,1,1,113015.04,0
294,15600294,Kumar,401,France,Female,59,5,91730.16,1,0,1,175775.74,0
295,15600295,Wilson,631,Germany,Male,34,7,68411.13,1,0,1,23993.3,0
296,15600296,Patel,363,Germany,Male,70,3,96465.12,1,0,1,120301.46,1
297,15600297,Garcia,628,Spain,Female,37,6,1624.12,1,0,1,76218.39,0
298,15600298,Jones,465,Spain,Male,20,4,80034.62,2,0,1,39936.56,0
299,15600299,Taylor,780,Germany,Female,69,6,140615.8,2,1,1,174328.57,0
300,15600300,Brown,787,Spain,Female,48,0,62784.33,1,0,0,34846.51,1
301,15600301,Patel,453,France,Female,31,10,94478.38,2,0,0,152627.84,0
302,15600302,Thomas,788,Spain,Male,23,4,80351.83,2,1,1,166331.72,0
303,15600303,Kumar,648,Germany,Male,55,1,96645.9,2,0,1,107842.82,0
304,15600304,Thomas,685,Spain,Female,74,7,93491.78,1,1,1,21181.84,0
305,15600305,Wilson,471,Germany,Female,56,0,176861.3,1,1,1,166937.77,1
306,15600306,Jones,700,Spain,Female,37,1,100324.58,3,0,1,37173.61,0
307,15600307,Kumar,817,Germany,Female,35,6,57911.24,1,1,1,140316.39,0
308,15600308,Taylor,609,France,Male,68,6,61748.18,1,0,0,143785.21,1
309,15600309,Patel,451,France,Female,71,4,90759.78,1,1,0,150878.54,0
310,15600310,Jones,654,France,Female,61,7,78322.71,1,0,0,173485.86,0
311,15600311,Taylor,547,France,Male,40,0,74501.29,1,0,1,155880.52,0
312,15600312,Thomas,612,France,Male,61,0,0,2,0,1,93226.04,0
313,15600313,Garcia,845,France,Female,69,10,73641.96,1,1,0,84928.12,0
314,15600314,Jones,616,France,Male,34,9,165410.89,1,1,1,111440.38,0
315,15600315,Wilson,491,Germany,Female,53,10,67827.34,1,1,1,157146.11,0
316,15600316,Garcia,762,France,Male,30,9,97816.32,3,1,0,123987.5,0
317,15600317,Garcia,642,Spain,Male,36,3,7553.44,2,1,1,134880.73,0
318,15600318,Wilson,780,Spain,Female,60,10,121085.55,2,0,1,63474.37,1
319,15600319,Jones,463,Germany,Female,64,5,176296.9,2,0,0,137794.64,1
320,15600320,Taylor,410,Spain,Male,41,7,39907.79,2,0,1,157954.91,0
321,15600321,Brown,427,France,Female,50,2,24285.1,3,0,1,71540.53,1
322,15600322,Brown,440,France,Female,67,5,65378.94,1,0,1,15777.73,1
323,15600323,Smith,572,France,Female,54,10,94085.93,1,1,1,81559.92,0
324,15600324,Taylor,806,France,Male,52,5,0,4,0,1,17956.16,0
325,15600325,Garcia,506,Germany,Female,32,2,66146.97,2,0,1,150934.23,0
326,15600326,Taylor,701,Germany,Female,64,2,96528.93,1,1,1,179362.92,0
327,15600327,Wilson,725,Spain,Male,28,0,85894.5,1,0,0,35321.73,0
328,15600328,Patel,374,Germany,Male,67,10,154848.73,2,0,0,122838.66,1
329,15600329,Wilson,455,Spain,Male,44,10,102225.13,2,0,1,64684.22,0
330,15600330,Thomas,810,Germany,Male,57,1,101748.67,1,0,0,61646.62,0
331,15600331,Smith,630,Spain,Female,30,7,42792.11,1,0,0,128553.65,0
332,15600332,Patel,777,Germany,Male,18,9,114984.37,3,1,0,39608.84,0
333,15600333,Smith,850,Germany,Male,64,4,134406.68,2,1,0,91605.76,0
334,15600334,Brown,510,Spain,Male,72,6,34506.77,2,0,1,30674.75,1
335,15600335,Martin,487,Germany,Male,60,1,24693.94,4,1,0,149469.11,1
336,15600336,Brown,594,Spain,Male,47,6,168358.62,2,0,1,33654.33,0
337,15600337,Garcia,544,Spain,Male,24,5,99290.03,1,0,1,157325.0,0
338,15600338,Jones,483,Spain,Male,25,10,3711.0,1,1,1,17039.44,0
339,15600339,Brown,689,Germany,Male,51,10,1532.62,2,1,0,39527.98,1
340,15600340,Taylor,388,Spain,Female,50,7,107978.65,3,1,1,54747.15,1
341,15600341,Patel,760,Germany,Female,53,9,44955.16,2,1,1,29523.28,0
342,15600342,Kumar,561,Germany,Female,49,0,95897.48,1,0,0,151274.95,0
343,15600343,Jones,464,Germany,Female,31,7,120221.52,1,1,1,107424.89,0
344,15600344,Jones,687,Spain,Female,63,3,60418.12,1,0,0,71323.92,0
345,15600345,Martin,730,France,Male,62,6,121427.03,2,0,0,56957.74,1
346,15600346,Garcia,405,Spain,Male,31,6,39856.63,2,0,0,167893.38,0
347,15600347,Brown,633,Germany,Male,47,6,79542.4,2,1,0,167521.19,0
348,15600348,Thomas,657,France,Female,64,9,73950.28,1,1,0,98178.17,0
349,15600349,Kumar,762,France,Female,62,2,38296.26,1,0,1,83103.0,0
350,15600350,Brown,669,Spain,Male,73,4,102424.75,1,1,0,166996.64,0
351,15600351,Martin,648,Germany,Female,50,9,54150.37,2,1,1,126250.18,0
352,15600352,Wilson,424,France,Male,69,0,0,1,0,0,47983.9,0
353,15600353,Wilson,581,France,Female,27,1,92788.61,1,0,1,137498.1,0
354,15600354,Wilson,548,Germany,Male,62,6,134824.46,3,1,0,174362.48,1
355,15600355,Brown,681,Germany,Male,30,5,128033.22,2,0,1,143064.21,0
356,15600356,Wilson,726,France,Female,61,8,0,4,0,0,77237.71,1
357,15600357,Thomas,370,France,Female,26,2,130999.57,3,1,1,113485.25,0
358,15600358,Brown,512,Spain,Male,53,8,76987.11,2,0,0,172902.97,0
359,15600359,Smith,519,Germany,Female,44,5,104617.61,1,1,1,63439.77,0
360,15600360,Patel,813,Germany,Female,25,10,94307.77,1,0,1,173217.97,0
361,15600361,Taylor,613,Spain,Female,42,8,134585.06,2,1,1,95322.78,0
362,15600362,Taylor,435,Germany,Male,38,8,84324.45,3,0,0,118443.96,0
363,15600363,Jones,799,Germany,Male,73,6,92389.64,2,0,1,138236.99,1
364,15600364,Martin,756,France,Male,20,4,45874.19,1,0,0,109868.78,0
365,15600365,Patel,623,Spain,Male,42,0,66576.09,2,0,1,139733.5,0
366,15600366,Smith,701,Germany,Female,40,4,78770.14,1,0,0,61450.38,0
367,15600367,Smith,629,France,Female,48,4,107605.11,2,0,0,64179.32,0
368,15600368,Jones,352,Germany,Male,53,9,112636.82,1,1,0,103630.09,1
369,15600369,Kumar,449,Spain,Male,31,1,93745.17,2,0,0,125711.36,0
370,15600370,Jones,384,Germany,Female,47,4,104932.91,1,0,0,47573.9,0
371,15600371,Brown,512,Germany,Female,26,7,131222.69,3,1,0,69177.1,0
372,15600372,Martin,840,Germany,Male,54,6,115872.5,2,0,1,15797.26,0
373,15600373,Thomas,578,Spain,Male,35,5,55784.69,2,1,0,95350.28,1
374,15600374,Smith,450,Spain,Male,23,4,34443.41,3,0,0,135025.19,0
375,15600375,Taylor,483,Germany,Male,70,8,79162.17,1,1,1,122894.84,1
376,15600376,Thomas,606,Germany,Male,75,8,40666.47,1,0,1,80469.55,0
377,15600377,Garcia,687,France,Male,61,2,45359.35,3,1,0,169963.92,1
378,15600378,Garcia,371,France,Female,32,10,85415.24,1,0,1,100451.06,0
379,15600379,Thomas,616,France,Female,74,10,118924.4,2,1,0,152753.92,0
380,15600380,Jones,684,Spain,Male,29,1,69616.35,1,1,1,77094.25,0
381,15600381,Wilson,801,Spain,Male,70,2,102660.75,1,1,1,42324.96,0
382,15600382,Garcia,658,France,Female,31,1,0,1,0,0,83411.26,0
383,15600383,Kumar,361,Spain,Male,61,3,82246.84,2,0,1,36101.04,1
384,15600384,Wilson,482,Germany,Male,20,2,103751.94,1,1,0,113893.99,0
385,15600385,Kumar,462,France,Male,23,6,30721.58,2,0,1,146111.65,0
386,15600386,Smith,655,France,Female,34,9,39969.08,3,0,1,52919.27,0
387,15600387,Brown,811,Germany,Male,30,9,106537.45,1,0,1,159829.19,0
388,15600388,Kumar,746,Germany,Female,75,10,14533.4,3,1,0,101137.3,0
389,15600389,Taylor,729,France,Female,45,9,87051.12,2,0,1,85205.75,0
390,15600390,Patel,628,France,Male,72,6,27513.89,2,1,1,46188.47,0
391,15600391,Kumar,535,France,Female,51,1,31939.41,1,0,1,85301.81,0
392,15600392,Kumar,698,Germany,Female,45,6,12025.33,2,0,1,83182.65,0
393,15600393,Brown,553,Spain,Female,53,2,140476.63,2,0,1,138389.34,0
394,15600394,Brown,760,France,Male,24,8,70264.05,2,0,1,41521.77,0
395,15600395,Kumar,661,Germany,Female,48,0,108230.16,1,1,1,168563.02,0
396,15600396,Kumar,769,Germany,Male,36,2,95547.93,3,1,0,87430.39,0
397,15600397,Patel,664,France,Male,36,2,87656.59,2,0,0,74357.1,0
398,15600398,Kumar,557,Spain,Male,35,9,16586.36,2,0,1,100427.55,0
399,15600399,Martin,843,Germany,Male,36,3,22152.14,1,1,1,168402.78,0
400,15600400,Martin,524,France,Female,50,1,150219.92,2,1,0,159558.65,0
401,15600401,Taylor,585,Spain,Female,54,9,80983.85,2,0,0,94525.08,1
402,15600402,Patel,561,Germany,Female,61,5,0,2,0,0,130635.06,1
403,15600403,Taylor,531,Germany,Male,43,3,177788.24,2,1,1,45159.43,0
404,15600404,Patel,455,Germany,Female,33,3,128212.95,3,0,0,152765.18,1
405,15600405,Thomas,371,France,Female,25,7,10828.91,2,1,1,117410.13,0
406,15600406,Martin,741,Spain,Male,73,8,19260.74,1,1,1,80650.12,1
407,15600407,Smith,439,Germany,Female,48,7,24985.64,2,0,0,130210.35,1
408,15600408,Wilson,401,Germany,Female,18,5,74222.1,1,1,0,116108.39,1
409,15600409,Martin,567,Spain,Female,33,3,119290.16,1,1,1,130617.58,0
410,15600410,Kumar,644,Spain,Female,35,10,63190.18,2,0,0,149341.46,0
411,15600411,Kumar,762,Spain,Male,45,0,151969.85,1,0,0,84550.91,0
412,15600412,Wilson,503,Germany,Male,52,4,175322.63,2,0,1,80736.31,1
413,15600413,Thomas,636,Germany,Female,48,8,32085.84,1,1,0,71783.15,1
414,15600414,Garcia,495,Germany,Female,30,5,88986.95,4,1,0,126076.82,0
415,15600415,Patel,794,France,Female,74,2,32820.89,4,1,1,84599.72,0
416,15600416,Garcia,512,France,Female,23,10,38438.87,1,1,1,132221.53,0
417,15600417,Martin,722,Spain,Male,67,3,47667.58,1,1,1,170172.16,0
418,15600418,Patel,592,France,Female,24,8,91399.57,3,0,0,19350.21,0
419,15600419,Brown,467,Spain,Male,24,3,174933.71,1,1,0,88121.47,1
420,15600420,Brown,516,France,Female,19,7,133518.41,3,1,1,175871.95,0
421,15600421,Garcia,799,Germany,Female,62,9,28533.01,2,1,0,101370.87,0
422,15600422,Brown,537,France,Male,52,6,45169.71,1,1,0,40693.39,1
423,15600423,Thomas,736,Spain,Female,40,7,558.23,2,1,1,16506.88,0
424,15600424,Martin,801,France,Male,32,8,58311.72,1,1,1,80134.09,0
425,15600425,Patel,741,Spain,Female,71,9,70733.29,1,1,0,61971.68,1
426,15600426,Smith,583,France,Female,29,9,127199.36,1,1,1,59902.13,0
427,15600427,Taylor,716,France,Male,27,7,84098.44,1,0,0,53413.73,1
428,15600428,Brown,605,Spain,Male,39,5,96369.78,2,1,1,129994.24,0
429,15600429,Taylor,780,Spain,Male,21,4,125779.96,1,1,1,151661.59,0
430,15600430,Taylor,367,Spain,Male,42,3,99437.1,2,1,0,136328.26,0
431,15600431,Smith,731,Spain,Female,48,8,102057.02,2,0,1,56796.6,0
432,15600432,Thomas,470,Germany,Male,73,10,63535.87,4,1,0,68544.73,1
433,15600433,Garcia,593,Spain,Male,25,9,89622.87,2,0,0,76280.78,0
434,15600434,Patel,738,Germany,Male,23,10,75821.32,3,0,1,24862.9,0
435,15600435,Brown,527,Spain,Female,26,7,48973.29,2,0,0,18523.22,0
436,15600436,Jones,636,France,Male,34,4,133384.96,2,1,1,46313.01,0
437,15600437,Garcia,432,Spain,Female,64,1,120522.64,3,0,1,89148.39,0
438,15600438,Patel,802,Germany,Male,18,0,25073.36,2,1,1,143042.73,0
439,15600439,Kumar,428,Germany,Female,60,9,102966.91,2,1,1,68229.01,1
440,15600440,Smith,416,France,Female,60,2,145467.42,2,0,0,48343.04,1
441,15600441,Taylor,481,Germany,Male,54,0,41600.53,2,1,1,51419.26,1
442,15600442,Smith,677,Spain,Female,59,0,23859.69,2,1,0,107073.28,0
443,15600443,Taylor,389,Germany,Male,70,3,0,2,0,1,31702.14,0
444,15600444,Martin,835,Germany,Female,30,2,60238.28,2,1,0,138107.88,0
445,15600445,Jones,686,France,Female,74,2,91657.72,2,1,0,169030.79,0
446,15600446,Kumar,570,Spain,Male,72,5,14051.86,2,0,1,107918.88,0
447,15600447,Wilson,721,Spain,Male,65,0,127892.25,1,1,1,113300.87,0
448,15600448,Garcia,511,Spain,Male,18,0,62003.17,1,1,0,166653.49,1
449,15600449,Jones,481,France,Male,40,4,65128.91,1,0,0,109130.38,0
450,15600450,Thomas,810,Spain,Female,68,9,179508.07,2,0,0,113213.15,1
451,15600451,Thomas,572,France,Male,42,6,114786.34,3,0,0,158514.77,0
452,15600452,Taylor,618,Germany,Male,18,0,53732.63,1,1,1,104088.41,0
453,15600453,Jones,396,France,Female,27,3,157217.74,2,1,1,62814.2,0
454,15600454,Garcia,484,Spain,Male,23,1,59872.38,2,1,0,97800.81,0
455,15600455,Jones,726,France,Female,53,8,23497.27,2,0,1,54981.99,0
456,15600456,Smith,561,Germany,Female,61,6,114784.63,1,1,0,72470.8,1
457,15600457,Jones,576,Spain,Male,67,9,143990.4,4,0,0,87676.46,1
458,15600458,Patel,377,Germany,Female,27,3,69636.59,1,0,0,158344.14,1
459,15600459,Smith,454,Spain,Male,37,8,108890.4,2,1,1,105552.01,0
460,15600460,Smith,380,Germany,Female,42,4,79877.23,1,0,0,145216.1,1
461,15600461,Martin,405,Spain,Female,22,0,17569.41,1,1,1,158122.72,0
462,15600462,Smith,598,Germany,Female,50,9,0,3,0,0,45758.87,0
463,15600463,Kumar,527,France,Female,20,10,49938.61,1,1,1,73637.39,0
464,15600464,Brown,805,France,Female,35,0,118259.15,3,1,1,52221.15,0
465,15600465,Wilson,701,Germany,Male,23,3,364.42,3,1,1,54659.53,0
466,15600466,Wilson,455,Spain,Male,56,10,65229.13,2,0,1,110870.07,0
467,15600467,Brown,685,Germany,Male,62,9,0,2,0,0,67386.87,1
468,15600468,Taylor,561,France,Female,64,6,121571.81,3,1,1,88095.74,1
469,15600469,Jones,660,France,Male,24,9,219065.83,2,0,0,113399.51,0
470,15600470,Martin,783,Germany,Female,23,9,98930.96,1,1,1,132483.16,0
471,15600471,Taylor,846,Spain,Male,49,0,93465.62,1,1,0,171782.68,0
472,15600472,Martin,838,France,Female,66,7,105687.17,1,1,0,128497.35,0
473,15600473,Smith,642,France,Female,43,9,65682.49,3,0,1,100907.1,0
474,15600474,Garcia,370,France,Male,74,8,25818.66,4,1,1,100160.9,1
475,15600475,Kumar,377,Spain,Female,43,8,24145.66,2,0,1,91490.53,1
476,15600476,Patel,515,France,Male,25,7,87599.33,1,0,0,44514.97,0
477,15600477,Kumar,580,Spain,Female,34,10,69931.16,1,1,0,29075.58,0
478,15600478,Brown,372,France,Male,57,2,49827.56,2,1,1,108306.11,1
479,15600479,Smith,578,Germany,Male,29,4,37344.61,2,0,0,34396.41,0
480,15600480,Thomas,787,Spain,Female,57,7,95830.29,2,0,0,115317.35,1
481,15600481,Brown,475,Spain,Male,60,8,57816.86,2,1,1,117261.4,1
482,15600482,Martin,787,Germany,Male,21,0,85881.84,1,1,1,69633.33,0
483,15600483,Patel,753,France,Female,29,8,16250.27,2,0,1,174438.39,0
484,15600484,Brown,544,Spain,Male,67,1,25716.56,1,1,1,154146.09,0
485,15600485,Thomas,457,Germany,Male,25,9,50331.77,1,0,1,33034.87,0
486,15600486,Thomas,784,Germany,Female,68,5,120404.74,1,1,1,101689.55,0
487,15600487,Patel,712,Spain,Male,54,4,43543.82,2,0,1,15260.85,0
488,15600488,Wilson,520,France,Male,65,5,76482.55,1,0,1,16864.05,0
489,15600489,Taylor,408,France,Male,68,10,55367.26,2,1,1,71324.66,0
490,15600490,Kumar,758,Spain,Female,39,0,135058.5,3,0,1,94446.76,0
491,15600491,Smith,777,Spain,Female,75,8,85955.0,2,1,1,108215.54,0
492,15600492,Jones,804,Germany,Female,31,5,24485.0,2,0,1,174986.19,0
493,15600493,Garcia,792,Germany,Female,42,4,30181.1,2,1,0,132123.6,0
494,15600494,Smith,836,France,Male,74,4,53571.19,2,0,1,101641.57,1
495,15600495,Kumar,606,France,Female,67,2,64457.61,2,0,0,71119.12,0
496,15600496,Kumar,400,Spain,Male,37,8,78887.48,2,0,0,48855.87,0
497,15600497,Wilson,394,France,Male,25,5,144429.74,2,1,1,161715.67,0
498,15600498,Garcia,457,Germany,Female,19,5,43565.81,2,0,1,46770.03,0
499,15600499,Wilson,668,France,Female,60,8,98638.42,1,0,1,49085.27,0
500,15600500,Smith,437,Germany,Female,27,1,107245.18,2,1,1,116188.38,0
